City_ID,City,Country,Lat,Lng,Max Temp,Humidity,Cloudiness,Wind Speed,Current Description
0,Punta Arenas,CL,-53.15,-70.9167,48.31,87,75,12.66,light rain
1,Bluff,NZ,-46.6,168.3333,62.42,78,100,7.49,overcast clouds
2,Kolga,EE,59.4867,25.6192,32.49,98,100,2.68,light snow
3,Tuktoyaktuk,CA,69.4541,-133.0374,5.0,78,100,9.22,overcast clouds
4,East London,ZA,-33.0153,27.9116,70.95,86,66,14.14,broken clouds
5,Atuona,PF,-9.8,-139.0333,78.78,74,47,21.65,scattered clouds
6,Bredasdorp,ZA,-34.5322,20.0403,66.36,77,100,11.61,overcast clouds
7,Joshimath,IN,30.5667,79.5667,32.86,27,0,9.69,clear sky
8,Hami,CN,42.8,93.45,19.69,50,100,7.49,overcast clouds
9,Kaitangata,NZ,-46.2817,169.8464,67.59,68,100,8.34,overcast clouds
10,Chuy,UY,-33.6971,-53.4616,64.92,71,94,9.84,overcast clouds
11,Lakatoro,VU,-16.0999,167.4164,79.11,89,100,11.65,heavy intensity rain
12,Ushuaia,AR,-54.8,-68.3,42.46,75,75,8.05,light rain
13,San Patricio,US,28.017,-97.5169,67.91,46,40,7.27,scattered clouds
14,Hilo,US,19.7297,-155.09,79.25,78,100,14.97,overcast clouds
15,Mokhsogollokh,RU,61.4681,128.9203,-18.65,98,100,3.67,overcast clouds
16,Tiksi,RU,71.6872,128.8694,-13.7,100,100,3.09,overcast clouds
17,Rikitea,PF,-23.1203,-134.9692,78.75,75,73,12.39,broken clouds
18,Port Hardy,CA,50.6996,-127.4199,41.95,88,100,17.76,overcast clouds
19,Mataura,NZ,-46.1927,168.8643,79.52,42,100,1.63,overcast clouds
20,Shimoda,JP,34.6667,138.95,50.36,55,1,19.98,clear sky
21,Charters Towers,AU,-20.1,146.2667,92.44,30,99,9.84,overcast clouds
22,Chai Badan,TH,15.2,101.1333,73.2,59,42,13.73,scattered clouds
23,Albany,US,42.6001,-73.9662,39.38,94,100,0.87,overcast clouds
24,Lebu,CL,-37.6167,-73.65,56.79,88,0,21.03,clear sky
25,Berlevag,NO,70.8578,29.0864,33.75,64,100,14.97,light snow
26,Jamestown,US,42.097,-79.2353,58.01,67,100,5.99,mist
27,Thompson,CA,55.7435,-97.8558,-3.37,99,58,4.65,broken clouds
28,Kommunisticheskiy,RU,61.6789,64.4819,4.46,97,100,4.79,light snow
29,Dudinka,RU,69.4058,86.1778,-21.39,100,100,1.97,overcast clouds
30,Saldanha,ZA,-33.0117,17.9442,62.65,93,100,8.9,overcast clouds
31,La Ronge,CA,55.1001,-105.2842,12.49,96,98,3.74,overcast clouds
32,Haines Junction,CA,60.7522,-137.5108,14.41,98,100,0.65,overcast clouds
33,Ancud,CL,-41.8697,-73.8203,55.42,89,89,4.54,overcast clouds
34,Vaini,TO,-21.2,-175.2,78.96,94,75,8.05,broken clouds
35,Igboho,NG,8.8333,3.75,72.59,29,86,5.91,overcast clouds
36,Ribeira Grande,PT,38.5167,-28.7,62.78,75,94,15.99,overcast clouds
37,Chau Doc,VN,10.7,105.1167,79.34,62,90,14.16,overcast clouds
38,Dikson,RU,73.5069,80.5464,-26.37,99,19,9.08,few clouds
39,Cherskiy,RU,68.75,161.3,-47.99,100,51,3.27,broken clouds
40,Hobart,AU,-42.8794,147.3294,63.27,66,75,9.22,broken clouds
41,Tucurui,BR,-3.7661,-49.6725,76.01,88,91,2.48,overcast clouds
42,Kodiak,US,57.79,-152.4072,33.31,100,100,9.22,light snow
43,Copiapo,CL,-27.3667,-70.3333,58.69,69,0,3.49,clear sky
44,Bambous Virieux,MU,-20.3428,57.7575,77.25,78,40,4.61,scattered clouds
45,Khatanga,RU,71.9667,102.5,-34.92,100,100,1.83,overcast clouds
46,Saint-Philippe,RE,-21.3585,55.7679,76.59,78,45,9.17,scattered clouds
47,Barrow,US,71.2906,-156.7887,6.82,85,100,14.97,mist
48,Geraldton,AU,-28.7667,114.6,99.01,14,0,23.02,clear sky
49,Krasnoselkup,RU,65.7,82.4667,-2.06,97,100,10.8,overcast clouds
50,Korla,CN,41.7597,86.1469,18.25,55,79,2.39,broken clouds
51,Luderitz,NA,-26.6481,15.1594,62.65,84,0,11.59,clear sky
52,Hithadhoo,MV,-0.6,73.0833,80.67,71,12,11.01,few clouds
53,Nemuro,JP,43.3236,145.575,21.36,55,7,21.61,clear sky
54,Puerto Ayora,EC,-0.7393,-90.3518,73.54,94,25,5.73,scattered clouds
55,Yishui,CN,35.7847,118.6281,39.07,50,100,3.42,overcast clouds
56,Butaritari,KI,3.0707,172.7902,78.84,80,97,6.62,overcast clouds
57,Lima,PE,-12.0432,-77.0282,70.9,77,0,8.05,clear sky
58,Usinsk,RU,65.9939,57.5281,-5.98,96,97,5.64,overcast clouds
59,Airai,TL,-8.9266,125.4092,70.77,67,53,6.13,broken clouds
60,Pozo Colorado,PY,-23.4923,-58.7972,62.92,96,100,15.59,overcast clouds
61,Taoudenni,ML,22.6783,-3.9836,62.1,16,0,10.78,clear sky
62,Leningradskiy,RU,69.3833,178.4167,-17.82,94,100,19.13,overcast clouds
63,Beyneu,KZ,45.3167,55.2,36.32,87,95,11.63,overcast clouds
64,Kuusamo,FI,65.9667,29.1833,10.44,92,81,10.36,broken clouds
65,Upernavik,GL,72.7868,-56.1549,-18.06,74,11,7.05,few clouds
66,Sitka,US,57.0531,-135.33,44.49,61,100,12.66,overcast clouds
67,Nikolskoye,RU,59.7035,30.7861,26.8,88,100,3.11,overcast clouds
68,Mogadishu,SO,2.0371,45.3438,75.63,82,1,21.9,clear sky
69,Busselton,AU,-33.65,115.3333,77.97,42,50,10.74,scattered clouds
70,Vardo,NO,70.3705,31.1107,33.78,64,100,20.71,light snow
71,Ponta Do Sol,PT,32.6667,-17.1,65.03,61,28,8.9,scattered clouds
72,Kotelnich,RU,58.3089,48.348,-0.78,99,100,2.26,overcast clouds
73,Waterloo,CA,43.4668,-80.5164,36.59,99,100,8.05,mist
74,Ginir,ET,7.1333,40.7,53.26,49,3,5.26,clear sky
75,El Reten,CO,10.6114,-74.2682,76.77,73,26,3.67,scattered clouds
76,Qingquan,CN,30.4511,115.2559,47.48,46,0,4.45,clear sky
77,Otofuke,JP,42.9917,143.2003,18.55,55,28,12.46,scattered clouds
78,Okhotsk,RU,59.3833,143.3,6.39,97,100,16.87,light snow
79,Vila Velha,BR,-20.3297,-40.2925,78.75,85,40,10.36,light rain
80,Cockburn Town,TC,21.4612,-71.1419,77.99,66,3,18.95,clear sky
81,Sur,OM,22.5667,59.5289,70.36,49,3,13.85,clear sky
82,Saint-Louis,SN,16.3333,-15.0,73.18,19,76,10.58,broken clouds
83,Rincon,US,32.296,-81.2354,64.9,89,75,10.36,broken clouds
84,Faanui,PF,-16.4833,-151.75,81.48,74,52,14.45,light rain
85,Celestun,MX,20.8667,-90.4,78.4,76,100,5.44,overcast clouds
86,Cabo San Lucas,MX,22.8909,-109.9124,71.51,78,75,0.0,broken clouds
87,Kapaa,US,22.0752,-159.319,76.98,86,75,16.11,broken clouds
88,Hermanus,ZA,-34.4187,19.2345,63.81,83,100,12.62,light rain
89,Marawi,PH,7.9986,124.2928,73.26,88,100,3.24,overcast clouds
90,Qaanaaq,GL,77.484,-69.3632,-20.25,69,9,2.28,clear sky
91,Klyuchi,RU,52.2667,79.1667,21.49,80,18,19.71,few clouds
92,Sangar,RU,63.9242,127.4739,-24.7,95,100,10.16,overcast clouds
93,Ilulissat,GL,69.2167,-51.1,1.42,46,22,13.8,few clouds
94,Meulaboh,ID,4.1363,96.1285,78.13,83,79,2.8,broken clouds
95,Saskylakh,RU,71.9167,114.0833,-43.51,100,87,5.37,overcast clouds
96,Cascais,PT,38.6979,-9.4215,51.98,73,0,8.01,clear sky
97,Arraial Do Cabo,BR,-22.9661,-42.0278,73.92,93,40,21.9,scattered clouds
98,San Cristobal,VE,7.7669,-72.225,68.18,97,19,3.02,few clouds
99,Japura,ID,-0.3167,102.35,77.74,84,100,3.42,moderate rain
100,San Julian,MX,21.0167,-102.1667,56.17,41,0,5.3,clear sky
101,Klaksvik,FO,62.2266,-6.589,41.92,91,35,6.6,scattered clouds
102,Morondava,MG,-20.2833,44.2833,76.33,84,100,9.69,overcast clouds
103,Tasiilaq,GL,65.6145,-37.6368,8.76,87,85,4.65,overcast clouds
104,Dicabisagan,PH,17.0818,122.4157,75.2,88,69,14.07,light rain
105,Talnakh,RU,69.4865,88.3972,-21.8,99,97,2.73,overcast clouds
106,Sao Joao Da Barra,BR,-21.6403,-41.0511,75.09,91,95,13.87,overcast clouds
107,Yerbogachen,RU,61.2767,108.0108,-36.06,100,35,3.02,scattered clouds
108,Tazovskiy,RU,67.4667,78.7,-7.49,98,100,11.52,light snow
109,Takoradi,GH,4.8845,-1.7554,78.04,79,91,3.58,overcast clouds
110,Bedi,IN,22.5,70.05,61.48,48,0,15.61,clear sky
111,Baykit,RU,61.67,96.37,-26.61,100,67,1.66,broken clouds
112,Nanga Eboko,CM,4.6833,12.3667,65.52,49,81,2.21,broken clouds
113,Hasaki,JP,35.7333,140.8333,50.29,34,39,10.02,scattered clouds
114,Boddam,GB,57.4667,-1.7833,44.98,98,100,16.31,moderate rain
115,Souillac,MU,-20.5167,57.5167,77.38,78,40,4.61,scattered clouds
116,Tuatapere,NZ,-46.1333,167.6833,69.42,59,100,4.03,overcast clouds
117,Cape Town,ZA,-33.9258,18.4232,68.76,78,75,6.91,broken clouds
118,Dingle,PH,10.9995,122.6711,74.61,95,100,6.4,overcast clouds
119,Chimore,BO,-16.9833,-65.1333,73.11,99,100,1.12,very heavy rain
120,Paracuru,BR,-3.41,-39.0306,81.1,82,92,11.25,overcast clouds
121,Quixada,BR,-4.9714,-39.0153,75.11,82,95,4.29,overcast clouds
122,Xai-Xai,MZ,-25.0519,33.6442,71.02,92,7,2.1,clear sky
123,Uige,AO,-7.6087,15.0613,64.49,97,100,2.33,light rain
124,Deputatskiy,RU,69.3,139.9,-38.56,95,18,2.17,few clouds
125,Castro,BR,-24.7911,-50.0119,64.22,98,100,1.88,overcast clouds
126,Inirida,CO,3.8653,-67.9239,71.71,95,100,2.15,overcast clouds
127,Camacha,PT,33.0833,-16.3333,60.22,63,75,12.66,broken clouds
128,Sitio Novo Do Tocantins,BR,-5.5183,-47.4611,72.36,95,16,2.48,few clouds
129,Shangrao,CN,28.4532,117.9686,46.27,73,20,5.97,few clouds
130,Nalut,LY,30.3333,10.85,48.63,65,4,9.95,clear sky
131,Padang,ID,-0.9492,100.3543,78.85,74,99,3.33,overcast clouds
132,Narsaq,GL,60.9167,-46.05,-5.58,62,55,10.6,broken clouds
133,San Jose,US,37.3394,-121.895,55.27,76,75,4.61,broken clouds
134,Bathsheba,BB,13.2167,-59.5167,77.61,83,75,17.27,broken clouds
135,Leshan,CN,29.5623,103.7639,46.81,78,100,4.92,overcast clouds
136,Nagato,JP,34.3833,131.2,45.32,49,3,18.57,clear sky
137,Chokurdakh,RU,70.6333,147.9167,-45.24,100,65,1.77,broken clouds
138,Vestmannaeyjar,IS,63.4427,-20.2734,29.25,70,100,23.42,overcast clouds
139,Komsomolskiy,UZ,40.4272,71.7189,34.52,93,75,6.91,mist
140,Ulaangom,MN,49.9811,92.0667,-16.47,98,100,2.84,overcast clouds
141,Pangnirtung,CA,66.1451,-65.7125,-5.39,97,100,1.79,overcast clouds
142,Waipawa,NZ,-41.4122,175.5153,68.41,62,98,18.45,overcast clouds
143,Georgetown,MY,5.4112,100.3354,84.13,78,20,5.75,few clouds
144,Port Moresby,PG,-9.4431,147.1797,81.82,78,100,11.5,overcast clouds
145,Esperance,AU,-33.8667,121.9,68.54,56,46,15.5,scattered clouds
146,Aksu,CN,41.1231,80.2644,17.47,54,100,2.84,overcast clouds
147,Nishihara,JP,26.1842,127.7558,65.48,61,75,17.27,broken clouds
148,Rawlins,US,41.7911,-107.2387,20.35,79,100,20.71,overcast clouds
149,Ust-Ishim,RU,57.6935,71.1665,13.26,98,99,2.42,overcast clouds
150,Beloha,MG,-25.1667,45.05,70.47,84,100,8.08,overcast clouds
151,Grand Island,US,40.925,-98.342,29.28,86,100,16.11,overcast clouds
152,Brownsville,US,25.9018,-97.4975,71.58,91,0,11.5,clear sky
153,Slave Lake,CA,55.2834,-114.769,12.06,96,59,3.31,broken clouds
154,Provideniya,RU,64.3833,-173.3,-5.49,95,98,7.65,overcast clouds
155,Port Elizabeth,ZA,-33.918,25.5701,71.1,92,75,21.85,broken clouds
156,Vega De Alatorre,MX,20.0333,-96.6333,75.22,76,36,3.58,scattered clouds
157,Mar Del Plata,AR,-38.0023,-57.5575,64.87,73,0,3.44,clear sky
158,Shelburne,CA,44.0787,-80.2041,32.79,99,100,7.94,snow
159,Kruisfontein,ZA,-34.0033,24.7314,68.88,86,100,17.47,overcast clouds
160,Bilma,NE,18.6853,12.9164,57.31,34,0,6.46,clear sky
161,Paamiut,GL,61.994,-49.6678,13.73,61,100,9.66,overcast clouds
162,Clyde River,CA,70.4692,-68.5914,-23.57,69,20,5.75,few clouds
163,Ikongo,MG,-21.8833,47.4333,67.84,95,100,2.35,overcast clouds
164,Nanortalik,GL,60.1432,-45.2371,14.94,56,22,8.55,few clouds
165,Kungalv,SE,57.871,11.9805,37.11,96,100,9.15,light snow
166,May Pen,JM,17.9645,-77.2451,78.01,88,2,4.61,clear sky
167,Rock Sound,BS,24.9,-76.2,77.31,74,56,14.16,broken clouds
168,Mahebourg,MU,-20.4081,57.7,77.29,78,40,4.61,scattered clouds
169,Touros,BR,-5.1989,-35.4608,78.42,79,88,11.3,overcast clouds
170,Angoche,MZ,-16.2325,39.9086,73.81,88,74,4.76,broken clouds
171,Nyurba,RU,63.2842,118.3319,-16.24,99,100,4.14,overcast clouds
172,Masalli,KR,34.7959,126.6553,35.28,60,30,5.82,scattered clouds
173,Fairbanks,US,64.8378,-147.7164,-0.9,80,0,0.0,clear sky
174,Atambua,ID,-9.1061,124.8925,78.73,78,62,8.84,broken clouds
175,Votice,CZ,49.6401,14.6381,33.94,8,10,5.46,clear sky
176,Muisne,EC,0.6,-80.0333,74.73,81,93,3.15,overcast clouds
177,Buchanan,LR,5.8808,-10.0467,73.96,82,12,2.77,few clouds
178,Bukama,CD,-9.2,25.85,66.34,95,99,3.02,overcast clouds
179,Mairi,BR,-11.7114,-40.1489,69.39,97,100,3.96,overcast clouds
180,Ust-Kut,RU,56.7938,105.7672,2.25,98,100,2.73,overcast clouds
181,Chapais,CA,49.7834,-74.8492,22.78,95,100,4.9,overcast clouds
182,Nacala,MZ,-14.5428,40.6728,74.3,94,100,1.74,moderate rain
183,San Quintin,MX,30.4833,-115.95,58.93,75,100,2.51,overcast clouds
184,Carnarvon,AU,-24.8667,113.6333,87.94,54,95,8.1,overcast clouds
185,Saint George,US,37.1041,-113.5841,41.95,85,0,0.0,clear sky
186,Marondera,ZW,-18.1853,31.5519,58.98,87,99,1.52,overcast clouds
187,Richards Bay,ZA,-28.783,32.0377,72.54,87,52,11.52,broken clouds
188,Santa Cruz De Tenerife,ES,28.4682,-16.2546,64.72,92,40,8.05,scattered clouds
189,Qarqin,AF,37.4185,66.0436,44.47,37,67,14.32,broken clouds
190,Katihar,IN,25.5333,87.5833,52.68,67,0,6.71,clear sky
191,Port Alfred,ZA,-33.5906,26.891,70.18,88,98,7.0,overcast clouds
192,Los Llanos De Aridane,ES,28.6585,-17.9182,62.13,74,40,14.0,scattered clouds
193,Plettenberg Bay,ZA,-34.0527,23.3716,67.77,81,100,9.4,overcast clouds
194,Rodding,DK,55.3657,9.0632,42.85,91,100,20.11,moderate rain
195,Mazatlan,MX,23.2167,-106.4167,72.01,83,0,5.01,clear sky
196,San Jeronimo,PE,-11.9472,-75.2829,47.7,92,100,5.3,overcast clouds
197,Tahoua,NE,14.8888,5.2692,61.99,22,2,15.39,clear sky
198,Krugersdorp,ZA,-26.0858,27.7752,61.63,80,4,1.88,clear sky
199,Miyako,JP,39.6367,141.9525,34.0,47,86,13.62,overcast clouds
200,Pilar,BR,-9.5972,-35.9567,73.33,93,83,4.72,broken clouds
201,Codrington,AU,-38.2667,141.9667,60.78,51,98,15.05,overcast clouds
202,Alekseyevsk,RU,57.8406,108.3492,7.99,97,100,3.62,light snow
203,Najran,SA,17.4924,44.1277,52.45,75,5,1.12,clear sky
204,Tautira,PF,-17.7333,-149.15,80.17,81,82,18.32,broken clouds
205,San Policarpo,PH,12.1791,125.5072,80.04,86,100,17.18,light rain
206,Sakhnovshchyna,UA,49.1517,35.872,39.94,92,100,12.91,overcast clouds
207,Yellowknife,CA,62.456,-114.3525,5.56,92,100,6.91,light snow
208,Gat,IL,31.61,34.7642,56.39,100,97,2.17,overcast clouds
209,Raton,US,36.9034,-104.4391,32.61,37,20,5.75,few clouds
210,Constitucion,CL,-35.3333,-72.4167,62.71,67,0,12.08,clear sky
211,Santa Rosa,PH,14.3122,121.1114,83.01,71,100,17.47,light rain
212,San Antonio,US,29.4241,-98.4936,68.49,38,75,5.75,broken clouds
213,Norman Wells,CA,65.282,-126.8329,-2.16,78,40,5.75,scattered clouds
214,Ilo,PE,-17.6394,-71.3375,69.96,84,41,4.97,scattered clouds
215,Abnub,EG,27.2696,31.1511,53.17,81,0,6.91,clear sky
216,Mocuba,MZ,-16.8392,36.9856,72.0,89,77,4.12,broken clouds
217,Kavieng,PG,-2.5744,150.7967,78.87,82,100,13.31,light rain
218,Port Lincoln,AU,-34.7333,135.8667,62.49,59,98,15.79,overcast clouds
219,Turan,VN,16.0678,108.2208,71.58,78,75,4.61,broken clouds
220,Yulara,AU,-25.2406,130.9889,80.2,32,100,17.74,overcast clouds
221,Coronel Fabriciano,BR,-19.5186,-42.6289,69.84,94,75,5.75,broken clouds
222,Avarua,CK,-21.2078,-159.775,78.85,69,40,6.91,scattered clouds
223,Bethel,US,41.3712,-73.414,53.33,89,100,3.0,overcast clouds
224,Praya,CV,14.9215,-23.5087,72.14,83,20,17.27,few clouds
225,Brae,GB,60.3964,-1.353,43.7,93,100,7.29,light rain
226,Banepa,NP,27.6298,85.5214,41.32,87,20,2.3,mist
227,Rio Gallegos,AR,-51.6226,-69.2181,59.05,55,75,5.75,broken clouds
228,Praia,CV,14.9215,-23.5087,72.14,83,20,17.27,few clouds
229,Biak,ID,-0.9131,122.8766,84.2,62,98,1.41,overcast clouds
230,Arman,RU,59.7,150.1667,3.6,80,100,10.92,overcast clouds
231,Inhambane,MZ,-23.865,35.3833,72.86,89,24,3.06,few clouds
232,Ahipara,NZ,-35.1667,173.1667,68.18,96,100,16.62,heavy intensity rain
233,Auray,FR,47.6703,-2.9918,56.48,96,100,22.95,overcast clouds
234,Sungaipenuh,ID,-2.0833,101.3833,68.97,82,100,0.94,overcast clouds
235,Magadan,RU,59.5667,150.8,7.11,70,99,12.24,overcast clouds
236,Candolim,IN,15.5181,73.7626,75.2,88,40,4.61,mist
237,Le Mars,US,42.7942,-96.1656,26.11,93,100,13.8,overcast clouds
238,Victoria,HK,22.2855,114.1577,65.25,77,76,8.99,broken clouds
239,Kuching,MY,1.55,110.3333,82.99,87,40,7.0,light intensity shower rain
240,Gwadar,PK,25.1216,62.3254,62.85,35,4,20.36,clear sky
241,Santo Antonio Do Ica,BR,-3.1022,-67.9397,73.04,98,99,3.0,overcast clouds
242,Tagusao,PH,9.1924,117.8141,77.92,91,100,8.5,moderate rain
243,Luangwa,ZM,-15.6167,30.4167,69.64,91,75,3.58,broken clouds
244,Iqaluit,CA,63.7506,-68.5145,-0.31,84,100,3.44,light snow
245,Faya,SA,18.3851,42.4509,52.32,82,25,4.03,scattered clouds
246,College,US,64.8569,-147.8028,-1.91,79,40,0.0,scattered clouds
247,Saint-Pierre,RE,-21.3393,55.4781,76.68,65,22,6.91,few clouds
248,Pevek,RU,69.7008,170.3133,-37.66,100,100,3.53,overcast clouds
249,Itarema,BR,-2.9248,-39.9167,79.12,79,37,14.74,scattered clouds
250,Vila Franca Do Campo,PT,37.7167,-25.4333,61.21,80,96,11.45,overcast clouds
251,Ribas Do Rio Pardo,BR,-20.4431,-53.7592,71.49,88,100,7.7,overcast clouds
252,Port Macquarie,AU,-31.4333,152.9167,78.89,63,5,12.06,clear sky
253,Nome,US,64.5011,-165.4064,21.27,93,100,10.36,overcast clouds
254,Poum,NC,-20.2333,164.0167,78.49,68,6,8.9,clear sky
255,Medea,DZ,36.2642,2.7539,43.61,50,20,2.19,few clouds
256,Torokszentmiklos,HU,47.1833,20.4167,41.05,100,100,0.0,fog
257,Galle,LK,6.0367,80.217,75.58,81,98,3.8,overcast clouds
258,Naples,IT,40.8333,14.25,57.25,80,40,2.3,scattered clouds
259,Hermon,US,44.8101,-68.9134,38.39,93,100,5.75,mist
260,Puri,IN,19.8,85.85,64.92,69,2,10.58,clear sky
261,San Juan De Los Lagos,MX,21.25,-102.3,59.18,42,0,2.71,clear sky
262,Coahuayana,MX,18.7333,-103.6833,71.46,79,0,1.14,clear sky
263,Chernyshevskiy,RU,63.0128,112.4714,-35.5,100,77,3.04,broken clouds
264,Kirakira,SB,-10.4544,161.9205,82.08,81,100,8.3,light rain
265,Palmer,US,42.1584,-72.3287,43.65,85,100,0.0,mist
266,Necochea,AR,-38.5473,-58.7368,61.32,63,7,6.71,clear sky
267,Soyo,AO,-6.1349,12.3689,77.85,87,100,5.12,moderate rain
268,Longyearbyen,SJ,78.2186,15.6401,28.24,86,75,17.27,light snow
269,Tarakan,ID,3.3,117.6333,76.5,94,75,5.75,broken clouds
270,Shingu,JP,33.7333,135.9833,48.79,46,2,14.09,clear sky
271,Yenagoa,NG,4.9247,6.2642,73.6,82,13,2.44,few clouds
272,Torbay,CA,47.6666,-52.7314,29.26,81,100,10.36,overcast clouds
273,Waingapu,ID,-9.6567,120.2641,83.8,71,89,20.6,overcast clouds
274,Pisco,PE,-13.7,-76.2167,69.85,78,0,3.44,clear sky
275,Mizan Teferi,ET,6.9833,35.5833,60.69,74,3,2.75,clear sky
276,Severo-Kurilsk,RU,50.6789,156.125,20.75,52,100,9.42,overcast clouds
277,Naivasha,KE,-0.7167,36.4359,56.1,94,16,3.83,few clouds
278,Price,US,39.5994,-110.8107,20.46,73,75,6.91,broken clouds
279,Changji,CN,44.0167,87.3167,3.99,85,75,4.47,mist
280,Ranong,TH,9.9658,98.6348,76.93,67,45,7.23,scattered clouds
281,Hella,NO,67.2,14.4333,26.89,82,5,19.57,clear sky
282,Alofi,NU,-19.0595,-169.9187,84.09,61,90,13.8,overcast clouds
283,Concepcion,CL,-36.827,-73.0498,64.2,63,0,10.36,clear sky
284,New Norfolk,AU,-42.7826,147.0587,62.92,50,98,3.0,overcast clouds
285,Eyl,SO,7.9803,49.8164,74.89,74,98,19.24,overcast clouds
286,Petropavlovsk-Kamchatskiy,RU,53.0452,158.6483,12.79,67,0,6.71,clear sky
287,Bastia,FR,42.6667,9.3333,55.29,86,0,4.61,clear sky
288,Roald,NO,62.5833,6.1333,37.54,48,100,13.8,overcast clouds
289,San Andres,CO,12.5847,-81.7006,80.62,78,20,9.22,few clouds
290,Kushmurun,KZ,52.4503,64.6311,10.62,93,65,8.14,broken clouds
291,Oranjemund,NA,-28.55,16.4333,64.26,84,12,5.84,few clouds
292,Ostrovnoy,RU,68.0531,39.5131,24.55,92,100,26.66,snow
293,Zhanakorgan,KZ,43.9098,67.2495,29.55,90,100,8.7,overcast clouds
294,Grafton,US,42.207,-71.6856,39.56,91,100,1.81,moderate rain
295,Hirara,JP,24.8,125.2833,66.47,77,75,21.85,broken clouds
296,Terrace,CA,54.5163,-128.6035,33.71,93,75,3.44,broken clouds
297,Yar-Sale,RU,66.8333,70.8333,7.57,94,100,13.94,light snow
298,Santa Cruz,BO,-17.8,-63.1667,74.66,94,75,3.44,broken clouds
299,Kalispell,US,48.1958,-114.3129,21.24,93,100,0.0,overcast clouds
300,Mount Isa,AU,-20.7333,139.5,87.57,55,97,3.44,overcast clouds
301,Cidreira,BR,-30.1811,-50.2056,69.93,84,100,5.19,overcast clouds
302,Alice Springs,AU,-23.7,133.8833,88.21,40,100,13.8,overcast clouds
303,Ahuimanu,US,21.4447,-157.8378,80.62,61,20,10.36,few clouds
304,Zasheyek,RU,67.4066,32.5499,15.94,95,100,6.87,overcast clouds
305,Lydenburg,ZA,-25.0978,30.4597,58.03,87,15,0.65,few clouds
306,Hailey,US,43.5196,-114.3153,13.86,79,0,8.05,clear sky
307,Shar,KZ,49.5886,81.0453,25.23,71,100,25.05,overcast clouds
308,Flinders,AU,-34.5833,150.8552,68.38,87,98,7.9,overcast clouds
309,Roma,US,43.2128,-75.4557,52.09,98,100,5.75,overcast clouds
310,Apolda,DE,51.0167,11.5,47.28,61,7,5.01,clear sky
311,Homer,US,59.6425,-151.5483,37.29,77,0,4.61,clear sky
312,Fortuna,US,40.5982,-124.1573,52.66,75,100,20.71,overcast clouds
313,Nchelenge,ZM,-9.3451,28.734,67.12,90,100,5.32,overcast clouds
314,Huarmey,PE,-10.0681,-78.1522,69.67,84,100,7.45,overcast clouds
315,Isangel,VU,-19.55,169.2667,84.69,65,58,9.33,broken clouds
316,Salalah,OM,17.0151,54.0924,71.69,68,0,2.3,clear sky
317,Bantry,IE,51.6833,-9.45,54.79,89,100,23.58,overcast clouds
318,Garowe,SO,8.4054,48.4845,67.39,75,18,9.6,few clouds
319,Verkhnevilyuysk,RU,63.4453,120.3167,-4.54,99,100,4.18,overcast clouds
320,Darnah,LY,32.767,22.6367,60.01,64,100,12.84,overcast clouds
321,Neryungri,RU,56.6709,124.6491,-12.23,96,94,2.26,overcast clouds
322,Duluth,US,46.7833,-92.1066,31.68,92,100,27.63,snow
323,Olafsvik,IS,64.8945,-23.7142,31.89,64,100,7.72,overcast clouds
324,Mezhdurechensk,RU,53.6942,88.0603,17.82,96,100,3.87,light snow
325,Aasiaat,GL,68.7098,-52.8699,-13.72,94,99,13.65,overcast clouds
326,Galesong,ID,-5.3166,119.3661,73.42,81,97,16.67,overcast clouds
327,Olenino,RU,56.2092,33.4889,24.67,89,100,10.87,overcast clouds
328,Hofn,IS,64.2539,-15.2082,34.95,66,88,24.43,overcast clouds
329,Torres,BR,-29.3353,-49.7269,69.82,84,100,5.95,overcast clouds
330,Ejido,VE,8.5514,-71.2375,65.3,88,89,1.77,overcast clouds
331,Tessalit,ML,20.1986,1.0114,57.79,30,0,11.21,clear sky
332,Carutapera,BR,-1.195,-46.02,75.88,94,59,5.48,broken clouds
333,Namibe,AO,-15.1961,12.1522,74.39,77,100,6.93,overcast clouds
334,Lompoc,US,34.6391,-120.4579,57.78,90,40,3.44,scattered clouds
335,Hamilton,US,39.1834,-84.5333,59.61,91,100,11.5,overcast clouds
336,Statesville,US,35.7826,-80.8873,59.36,68,100,3.44,moderate rain
337,Taltal,CL,-25.4,-70.4833,66.96,78,15,5.26,few clouds
338,Arroyo,ES,41.6096,-4.7969,33.6,91,100,3.44,fog
339,Mandera,KE,3.9366,41.867,76.1,37,1,9.8,clear sky
340,Margate,GB,51.3813,1.3862,54.88,89,100,8.99,overcast clouds
341,Lugovoy,KZ,42.9472,72.7644,32.38,92,100,8.01,light snow
342,Coquimbo,CL,-29.9533,-71.3436,60.53,100,0,3.44,clear sky
343,Sao Filipe,CV,14.8961,-24.4956,74.8,62,60,10.56,broken clouds
344,Naze,JP,28.3667,129.4833,56.32,54,29,15.84,scattered clouds
345,Bubaque,GW,11.2833,-15.8333,77.97,73,3,7.47,clear sky
346,Kapit,MY,2.0167,112.9333,76.98,89,100,1.5,overcast clouds
347,Urumqi,CN,43.801,87.6005,0.55,85,75,4.47,mist
348,Khingansk,RU,49.1167,131.1833,-6.63,96,93,6.08,overcast clouds
349,Lata,PT,40.1629,-8.3327,36.91,83,3,3.02,clear sky
350,Morbach,DE,49.8167,7.1167,41.65,89,20,13.8,few clouds
351,Tshane,BW,-24.0196,21.8684,71.67,69,95,11.05,overcast clouds
352,Seymchan,RU,62.8833,152.4333,-32.49,96,100,2.75,overcast clouds
353,Itabera,BR,-23.8619,-49.1372,68.58,95,100,3.98,overcast clouds
354,Hay River,CA,60.8156,-115.7999,6.78,85,75,2.3,broken clouds
355,Svetlogorsk,BY,52.6333,29.7333,36.43,83,91,14.32,overcast clouds
356,Pombas,CV,17.1503,-25.0201,71.38,75,100,14.27,overcast clouds
357,Dauphin,CA,51.1494,-100.0502,10.54,85,0,4.61,clear sky
358,Liverpool,GB,53.4106,-2.9779,56.43,90,100,8.99,overcast clouds
359,Bengkulu,ID,-3.8004,102.2655,78.55,76,100,3.06,overcast clouds
360,Clarence Town,AU,-32.5833,151.7833,88.61,38,3,6.46,clear sky
361,Byron Bay,AU,-28.65,153.6167,89.94,63,1,9.19,clear sky
362,Bonthe,SL,7.5264,-12.505,75.02,82,32,3.53,scattered clouds
363,Emerald,AU,-23.5333,148.1667,97.34,34,96,13.6,overcast clouds
364,West Wendover,US,40.7391,-114.0733,27.61,86,75,0.0,broken clouds
365,Antofagasta,CL,-23.65,-70.4,65.48,84,21,3.91,few clouds
366,Kyabe,TD,9.4515,18.9449,75.54,30,87,8.14,overcast clouds
367,Puerto Carreno,CO,6.189,-67.4859,79.77,62,100,6.33,overcast clouds
368,Port Victoria,KE,0.0939,33.9756,69.35,62,51,16.35,broken clouds
369,Port Blair,IN,11.6667,92.75,82.44,74,40,4.61,scattered clouds
370,Shelopugino,RU,51.6514,117.5599,-8.66,87,5,3.98,clear sky
371,Bafra,TR,41.5678,35.9069,47.82,44,0,5.55,clear sky
372,Wewak,PG,-3.5534,143.6268,83.26,73,100,5.88,overcast clouds
373,Hounde,BF,11.5,-3.5167,66.15,22,16,6.04,few clouds
374,Kindu,CD,-2.95,25.95,69.51,97,37,2.1,light rain
375,Lavrentiya,RU,65.5833,-171.0,-8.0,93,100,7.63,overcast clouds
376,Vao,NC,-22.6667,167.4833,76.12,70,0,6.08,clear sky
377,Katsuura,JP,35.1333,140.3,46.31,45,88,6.78,overcast clouds
378,Chulman,RU,56.8479,124.9104,-16.37,98,99,1.66,overcast clouds
379,Murray Bridge,AU,-35.1167,139.2667,67.12,47,41,18.68,scattered clouds
380,Kutum,SD,14.2,24.6667,54.88,36,4,7.7,clear sky
381,Ardahan,TR,41.1087,42.7022,18.95,65,1,1.21,clear sky
382,Nkhotakota,MW,-12.9274,34.2961,70.45,82,87,3.96,light rain
383,Lasa,IT,46.6166,10.7002,38.62,88,66,0.78,broken clouds
384,Beringovskiy,RU,63.05,179.3167,-18.51,92,96,12.35,overcast clouds
385,Kualakapuas,ID,-3.0091,114.3876,85.6,61,99,7.7,overcast clouds
386,Varnamo,SE,57.186,14.04,35.28,1,100,3.0,overcast clouds
387,Moba,CN,33.2288,105.0179,29.34,81,70,0.83,broken clouds
388,Dabat,ET,12.9842,37.765,50.7,67,0,4.88,clear sky
389,Turayf,SA,31.6725,38.6637,39.45,93,75,13.8,broken clouds
390,Bundaberg,AU,-24.85,152.35,87.22,71,6,10.0,clear sky
391,Lalin,ES,42.7167,-8.1167,46.45,92,100,3.31,overcast clouds
392,Gisenyi,RW,-1.7028,29.2564,61.07,83,5,4.36,clear sky
393,Mount Gambier,AU,-37.8333,140.7667,63.48,44,26,12.24,scattered clouds
394,Jos,NG,9.9167,8.9,56.84,50,51,8.7,broken clouds
395,Isla Vista,US,34.4133,-119.861,60.3,88,75,3.44,broken clouds
396,Thaba Nchu,ZA,-29.2093,26.839,63.77,54,88,4.68,overcast clouds
397,Zhigansk,RU,66.7697,123.3711,-18.8,97,100,10.22,overcast clouds
398,Belyy Yar,RU,53.6039,91.3903,-11.31,92,40,0.0,smoke
399,Seddon,AU,-37.8068,144.8916,64.87,81,75,19.57,light rain
400,Omboue,GA,-1.5746,9.2618,77.11,86,100,6.51,overcast clouds
401,Mehamn,NO,71.0357,27.8492,33.71,86,40,8.05,scattered clouds
402,Johnstown,US,40.3267,-78.922,60.58,80,100,8.05,light rain
403,Kukuna,SL,9.4,-12.6667,69.37,44,13,1.88,few clouds
404,Xuanzhou,CN,30.9525,118.7553,44.37,62,0,4.72,clear sky
405,Bonavista,CA,48.6499,-53.1147,30.16,67,12,13.82,few clouds
406,Knyaze-Volkonskoye,RU,48.4642,135.4567,-0.06,91,35,9.95,scattered clouds
407,Yabrud,SY,33.9674,36.6574,38.52,69,100,1.43,overcast clouds
408,Bela Vista Do Paraiso,BR,-22.9967,-51.1906,74.44,92,100,3.29,heavy intensity rain
409,Merauke,ID,-8.4667,140.3333,86.0,62,89,7.94,overcast clouds
410,Rehoboth,NA,-23.3167,17.0833,73.65,32,100,14.29,overcast clouds
411,Calvia,ES,39.5657,2.5062,48.42,95,0,4.47,clear sky
412,Qasigiannguit,GL,68.8193,-51.1922,1.65,72,22,7.38,few clouds
413,Mao,ES,39.8885,4.2658,50.56,100,40,5.75,scattered clouds
414,Palivere,EE,58.9664,23.8911,32.74,91,100,9.01,overcast clouds
415,Oktyabrskoye,RU,43.0645,44.7417,26.74,93,0,4.47,clear sky
416,Labytnangi,RU,66.6572,66.4183,2.97,93,100,20.74,light snow
417,Sovetskiy,RU,61.3614,63.5842,0.48,97,100,5.66,overcast clouds
418,Yarmouth,US,41.7057,-70.2286,53.74,96,100,13.8,overcast clouds
419,Olinda,BR,-8.0089,-34.8553,80.33,74,40,8.05,scattered clouds
420,Atar,MR,20.5169,-13.0499,66.16,17,0,8.7,clear sky
421,Panvel,IN,18.9833,73.1,69.87,50,3,3.94,clear sky
422,Buraydah,SA,26.326,43.975,57.65,88,100,16.22,moderate rain
423,Tual,ID,-5.6667,132.75,83.84,74,100,17.02,overcast clouds
424,Hornepayne,CA,49.2138,-84.7705,6.89,100,99,3.8,overcast clouds
425,Hatta,IN,24.1167,79.6,50.67,60,0,6.26,clear sky
426,Aztec,US,36.8222,-107.9929,28.47,93,91,13.27,overcast clouds
427,Tsiroanomandidy,MG,-18.7667,46.0333,66.65,91,100,4.09,light rain
428,Jennings,US,38.7192,-90.2604,58.55,51,75,16.11,broken clouds
429,Penzance,GB,50.1186,-5.5371,54.28,93,100,32.5,overcast clouds
430,Ust-Kuyga,RU,70.0167,135.6,-49.76,99,96,4.99,overcast clouds
431,Siniscola,IT,40.5719,9.6922,47.75,66,100,3.62,overcast clouds
432,Saint-Augustin,CA,51.226,-58.6502,23.49,94,100,11.77,overcast clouds
433,Lazaro Cardenas,MX,17.9583,-102.2,74.55,72,0,2.93,clear sky
434,Rognan,NO,67.0953,15.3878,26.89,86,10,8.81,clear sky
435,Aksarka,RU,66.5606,67.7975,5.97,95,100,15.55,light snow
436,Ust-Tarka,RU,55.5672,75.705,18.46,94,97,11.81,overcast clouds
437,Ca Mau,VN,9.1769,105.15,81.48,62,100,7.94,overcast clouds
438,Cayenne,GF,4.9333,-52.3333,73.44,94,0,2.3,clear sky
439,Imbituba,BR,-28.24,-48.6703,70.54,84,100,7.96,overcast clouds
440,Santa Maria,BR,-29.6842,-53.8069,69.1,73,0,2.3,clear sky
441,Zeya,RU,53.75,127.2667,-3.51,83,18,2.33,few clouds
442,Amuntai,ID,-2.4177,115.2494,86.4,58,100,4.72,overcast clouds
443,Prince George,CA,53.9166,-122.753,20.62,94,0,3.44,clear sky
444,Berbera,SO,10.4396,45.0143,75.43,74,73,4.9,light rain
445,Sechura,PE,-5.5569,-80.8222,68.68,83,64,8.43,broken clouds
446,Mayo,US,38.8876,-76.5119,66.61,70,0,10.36,clear sky
447,Amahai,ID,-3.3333,128.9167,88.86,57,90,1.7,light rain
448,Mitsamiouli,KM,-11.3847,43.2844,80.6,73,61,7.45,broken clouds
449,Cuamba,MZ,-14.8031,36.5372,67.5,97,100,3.56,overcast clouds
450,Kavaratti,IN,10.5669,72.642,80.24,69,6,7.31,clear sky
451,Cap Malheureux,MU,-19.9842,57.6142,77.47,73,81,1.99,broken clouds
452,Le Pont-De-Claix,FR,45.1244,5.7064,49.24,96,95,1.77,overcast clouds
453,Belgrade,RS,44.804,20.4651,42.69,99,100,4.61,fog
454,Harlingen,US,26.1906,-97.6961,69.89,88,0,4.61,clear sky
455,Grand Gaube,MU,-20.0064,57.6608,77.4,73,84,1.99,broken clouds
456,Kloulklubed,PW,7.0419,134.2556,82.9,76,70,16.08,broken clouds
457,Vieques,PR,18.425,-65.8329,76.1,88,75,3.44,broken clouds
458,Orlik,RU,52.5178,99.825,-13.92,91,74,1.45,broken clouds
459,San Ramon,US,37.7799,-121.978,53.28,92,100,9.22,overcast clouds
460,Portland,US,45.5234,-122.6762,43.52,84,100,12.66,overcast clouds
461,Hobyo,SO,5.3505,48.5268,76.01,79,65,20.07,broken clouds
462,Udachnyy,RU,66.4167,112.4,-24.56,74,100,3.85,overcast clouds
463,Dingtao,CN,35.0683,115.5625,45.21,40,99,4.16,overcast clouds
464,Holme,DK,56.1138,10.1725,42.37,94,100,18.92,light rain
465,Tura,IN,25.5198,90.2201,65.39,50,0,1.32,clear sky
466,Gao,ML,16.6362,1.637,58.6,22,3,12.91,clear sky
467,Mindelo,CV,16.8901,-24.9804,72.95,68,0,24.16,clear sky
468,Zbarazh,UA,49.6636,25.7762,34.79,88,32,10.65,scattered clouds
469,Berkakit,RU,56.5807,124.7681,-5.6,92,93,2.98,overcast clouds
470,Sena Madureira,BR,-9.0656,-68.6569,74.26,82,5,3.6,clear sky
471,Achalpur,IN,21.2572,77.5086,66.09,44,1,1.95,clear sky
472,Broken Hill,AU,-31.95,141.4333,75.94,27,0,19.17,clear sky
473,Milton,US,34.1322,-84.3007,63.18,97,100,8.55,light rain
474,Saint-Francois,FR,46.4154,3.9054,36.84,93,100,4.61,fog
475,Chara,RU,56.9064,118.2631,-2.52,88,93,1.52,overcast clouds
476,Mackay,AU,-21.15,149.2,97.68,62,62,13.82,broken clouds
477,Doha,QA,25.2867,51.5333,64.38,85,89,6.91,haze
478,Yuncheng,CN,35.0231,110.9928,43.39,42,100,1.72,overcast clouds
479,Harduaganj,IN,27.95,78.1667,46.15,56,0,4.76,clear sky
480,Mbanza-Ngungu,CD,-5.25,14.8667,66.2,95,97,1.1,light rain
481,Bereda,ES,43.2686,-7.5406,43.14,95,100,2.75,overcast clouds
482,Bandarbeyla,SO,9.4942,50.8122,75.74,74,85,22.03,overcast clouds
483,Saquena,PE,-4.6667,-73.5167,72.88,87,73,2.84,broken clouds
484,Fare,PF,-16.7,-151.0167,81.3,77,100,16.55,light rain
485,Garden City,US,42.3256,-83.331,44.55,98,100,4.61,mist
486,Fort Nelson,CA,58.8053,-122.7002,8.94,95,0,3.44,clear sky
487,Mwene-Ditu,CD,-7.0,23.45,63.54,95,86,3.71,overcast clouds
488,Maceio,BR,-9.6658,-35.7353,74.64,100,75,3.44,broken clouds
489,San Pedro,PH,14.35,121.0167,82.31,72,75,5.75,light rain
490,Shirokiy,RU,49.758,129.523,-0.69,82,18,5.23,few clouds
491,Jidong,CN,45.2167,131.0833,10.15,72,1,11.97,clear sky
492,Kautokeino,NO,69.0125,23.0412,-3.44,100,86,4.61,overcast clouds
493,Port-Gentil,GA,-0.7193,8.7815,80.28,78,97,9.37,overcast clouds
494,Saint-Georges,GD,12.0564,-61.7485,76.68,83,40,6.91,scattered clouds
495,Wanxian,CN,30.8039,108.3897,52.97,64,95,2.48,overcast clouds
496,Antropovo,RU,58.3988,43.0066,4.17,97,100,5.06,overcast clouds
497,Bereznik,RU,62.8551,42.7072,-0.81,100,97,2.48,overcast clouds
498,Te Anau,NZ,-45.4167,167.7167,73.44,44,100,4.94,overcast clouds
499,Sahy,SK,48.0741,18.9495,38.77,87,13,3.06,few clouds
500,Mantua,IT,45.1667,10.7833,49.98,90,99,1.01,overcast clouds
501,Pattani,TH,6.75,100.4167,76.71,64,75,6.31,broken clouds
502,Aykhal,RU,66.0,111.5,-29.27,100,100,5.73,overcast clouds
503,Waitati,NZ,-45.75,170.5667,59.81,95,100,6.62,overcast clouds
504,Lahr,DE,48.35,7.8667,43.9,90,75,9.22,broken clouds
505,Isla Mujeres,MX,21.2311,-86.731,78.85,83,5,13.44,clear sky
506,Labuhan,ID,-6.8844,112.2051,83.93,70,38,14.5,scattered clouds
507,Mattru,SL,7.6244,-11.8332,69.26,93,20,2.15,few clouds
508,Valparaiso,CL,-33.0393,-71.6273,64.04,67,0,8.05,clear sky
509,Selikhino,RU,50.3672,137.4996,-5.73,87,98,11.81,overcast clouds
510,Kuhdasht,IR,33.535,47.6061,42.12,35,100,4.16,overcast clouds
511,Acarau,BR,-2.8856,-40.12,79.09,80,20,15.28,few clouds
512,Kyzyl-Suu,KG,42.3414,78.0056,24.78,89,100,1.52,snow
513,Shihezi,CN,44.3,86.0333,11.77,85,100,3.6,overcast clouds
514,Kidal,ML,18.4411,1.4078,58.5,29,82,11.32,broken clouds
515,Maraba,BR,-5.3686,-49.1178,77.18,100,0,0.0,clear sky
516,Suntar,RU,62.1444,117.6319,-7.4,94,99,6.62,overcast clouds
517,Moose Factory,CA,51.2585,-80.6094,-7.22,100,67,3.51,broken clouds
518,Luwuk,ID,-0.9516,122.7875,88.07,61,99,3.31,overcast clouds
519,North Bend,US,43.4065,-124.2243,46.92,96,100,5.75,light rain
520,Boende,CD,-0.2167,20.8667,73.85,82,81,1.03,broken clouds
521,Wilnsdorf,DE,50.8167,8.1,44.13,89,100,15.01,light rain
522,Tallahassee,US,30.4383,-84.2807,70.86,93,100,8.05,overcast clouds
523,Yeppoon,AU,-23.1333,150.7333,96.58,57,30,12.21,scattered clouds
524,Gannan,CN,47.9147,123.5031,9.36,59,0,5.93,clear sky
525,Mikhaylovka,RU,50.06,43.2379,40.78,76,100,13.96,overcast clouds
526,Aleksandrovsk-Sakhalinskiy,RU,50.8975,142.1561,5.31,71,100,11.32,overcast clouds
527,Pangai,TO,-19.8,-174.35,84.31,70,75,9.22,broken clouds
528,Zharkent,KZ,44.1628,80.0,25.72,92,100,1.7,overcast clouds
529,Cururupu,BR,-1.8283,-44.8683,75.45,93,35,4.23,scattered clouds
530,Gayny,RU,60.3071,54.3241,-11.7,100,92,3.24,overcast clouds
531,Le Vauclin,MQ,14.5452,-60.8388,77.85,88,75,4.61,broken clouds
532,Parczew,PL,51.6402,22.9006,32.61,90,8,8.68,clear sky
533,Fairlie,GB,55.756,-4.8556,52.39,87,94,8.99,moderate rain
534,Broome,US,42.2506,-75.833,55.71,89,100,9.22,overcast clouds
535,Qaqortoq,GL,60.7167,-46.0333,4.1,61,49,11.18,scattered clouds
536,Teruel,ES,40.6667,-0.6667,33.75,70,1,3.69,clear sky
537,Axim,GH,4.8699,-2.2405,77.14,79,94,2.59,overcast clouds
538,Miraflores,MX,19.2167,-98.8083,62.02,67,5,3.24,clear sky
539,Aranos,NA,-24.1333,19.1167,73.53,53,86,7.99,overcast clouds
540,Pumiao,CN,22.75,108.4833,61.2,48,100,7.14,overcast clouds
541,Colares,PT,38.7992,-9.4469,51.33,69,0,8.01,clear sky
542,Haputale,LK,6.7681,80.9595,63.07,70,91,3.6,overcast clouds
543,Sarangani,PH,5.4033,125.4636,81.72,78,100,14.32,overcast clouds
544,Nicholasville,US,37.8806,-84.573,59.4,87,0,12.66,clear sky
545,Garut,ID,-7.2024,107.8878,79.75,63,97,0.76,overcast clouds
546,Khasan,RU,42.4308,130.6434,23.47,34,0,17.45,clear sky
547,Contamana,PE,-7.3333,-75.0167,78.6,67,97,4.03,overcast clouds
548,Rancho Veloz,CU,22.8806,-80.3917,73.54,86,2,10.51,moderate rain
549,Mazyr,BY,52.0495,29.2456,37.49,83,77,13.44,broken clouds
550,Riyadh,SA,24.6877,46.7219,55.54,95,100,12.26,moderate rain
551,Juneau,US,58.3019,-134.4197,37.22,97,75,0.0,broken clouds
552,Port Angeles,US,48.1181,-123.4307,45.64,93,0,6.91,clear sky
553,Houma,US,29.5958,-90.7195,75.2,97,100,10.2,overcast clouds
554,Niamtougou,TG,9.7681,1.1053,67.01,29,5,4.16,clear sky
555,Carbonear,CA,47.7332,-53.2148,29.25,76,8,10.02,clear sky
556,Coari,BR,-4.085,-63.1414,73.35,98,100,2.57,overcast clouds
557,Maldonado,UY,-34.6667,-54.9167,72.23,57,53,8.21,broken clouds
558,Togur,RU,58.3631,82.8265,8.35,86,66,9.48,broken clouds
559,Racine,US,42.7495,-88.0751,40.68,97,100,5.75,overcast clouds
560,Guarapari,BR,-20.6667,-40.4975,77.9,90,99,9.84,overcast clouds
561,Alma,CA,48.5501,-71.6491,34.81,91,98,5.01,overcast clouds
562,Gantt,US,34.8001,-82.4243,59.05,97,100,10.36,light rain
563,Vostok,RU,46.4856,135.8833,-2.47,85,93,5.68,overcast clouds
564,Placido De Castro,BR,-10.3353,-67.1856,75.81,79,61,4.03,broken clouds
565,Goose Creek,US,32.981,-80.0326,66.24,94,75,6.91,broken clouds
566,Anloga,GH,5.7947,0.8973,78.33,69,77,5.17,broken clouds
567,Sorland,NO,67.667,12.6934,37.26,68,3,21.61,clear sky
568,Comodoro Rivadavia,AR,-45.8667,-67.5,60.66,67,0,5.75,clear sky
569,Kalmunai,LK,7.4167,81.8167,77.68,74,74,7.74,broken clouds
570,Marathon,US,44.9,-89.7668,33.55,92,100,14.97,mist
571,Salinas,US,36.6777,-121.6555,54.07,82,20,3.44,mist
572,Te Kauwhata,NZ,-37.4,175.15,69.15,87,100,12.5,overcast clouds
573,Half Moon Bay,US,37.4636,-122.4286,54.32,90,20,8.05,mist
574,Cheney,US,47.4874,-117.5758,30.29,94,100,0.0,overcast clouds
575,Dunedin,NZ,-45.8742,170.5036,59.81,95,99,10.69,overcast clouds
576,Srivardhan,IN,18.0333,73.0167,73.26,59,9,3.47,clear sky
577,Mayumba,GA,-3.432,10.6554,76.64,86,100,3.87,moderate rain
578,Evensk,RU,61.95,159.2333,-0.9,64,33,10.47,scattered clouds
579,Natal,BR,-5.795,-35.2094,79.02,78,20,6.91,few clouds
580,Xining,CN,36.6167,101.7667,24.08,39,100,2.01,overcast clouds
581,Chengde,CN,40.9725,117.9361,26.4,50,0,4.07,clear sky
582,Drayton Valley,CA,53.2168,-114.9854,9.28,95,68,4.61,broken clouds
583,Birobidzhan,RU,48.8,132.95,2.08,75,2,3.71,clear sky
584,Korfovskiy,RU,48.2183,135.0564,-0.94,89,75,8.61,broken clouds
585,Linden,GY,6.0,-58.3,72.32,99,100,2.48,moderate rain
586,Yangambi,CD,0.8102,24.4336,71.96,81,53,2.33,light rain
587,Husavik,IS,66.0449,-17.3389,24.55,78,100,2.33,overcast clouds
588,Oparino,RU,59.8518,48.2783,-12.17,100,100,4.47,overcast clouds
589,Nuuk,GL,64.1835,-51.7216,4.84,73,47,9.31,scattered clouds
590,Karratha,AU,-20.7377,116.8463,94.82,44,96,13.71,overcast clouds
591,Waynesville,US,35.4887,-82.9887,56.73,90,100,7.0,light rain
592,Jiayuguan,CN,39.8167,98.3,22.32,39,0,3.38,clear sky
593,Cedar City,US,37.6775,-113.0619,23.97,80,0,5.35,clear sky
594,Media Luna,CU,20.1419,-77.435,75.27,77,23,5.53,few clouds
595,Calvinia,ZA,-31.4707,19.776,57.31,87,20,7.16,few clouds
596,Pahrump,US,36.2083,-115.9839,48.83,66,100,5.99,overcast clouds
597,Mackenzie,CA,55.2999,-123.1698,25.02,93,100,5.75,light snow
598,Rio Grande,BR,-32.035,-52.0986,69.57,68,100,11.68,overcast clouds
599,Penne,IT,42.4538,13.9299,53.22,75,82,4.59,broken clouds
600,Neuquen,AR,-38.9516,-68.0591,75.09,41,0,3.44,clear sky
601,Carauari,BR,-4.8828,-66.8958,72.18,99,90,2.71,overcast clouds
602,Chemainus,CA,48.9163,-123.7194,42.58,90,100,4.61,overcast clouds
603,Lakes Entrance,AU,-37.8811,147.981,56.62,83,100,7.76,overcast clouds
604,Bardiyah,LY,31.7561,25.0865,57.87,69,2,10.67,clear sky
605,Camopi,GF,3.1655,-52.3158,71.56,99,97,2.13,light rain
606,Chicama,PE,-7.8447,-79.1469,66.74,76,100,3.69,overcast clouds
607,Loei,TH,17.4167,101.5,64.44,57,20,3.62,few clouds
608,Ormara,PK,25.2088,64.6357,65.39,30,52,11.25,broken clouds
609,Hirado,JP,33.3597,129.5531,49.39,51,1,16.22,clear sky
610,Siavonga,ZM,-16.5382,28.7088,70.77,84,99,2.8,overcast clouds
611,Zsambok,HU,47.5438,19.6105,43.7,85,63,5.39,broken clouds
612,Svetlaya,RU,46.5389,138.3297,10.22,49,0,9.44,clear sky
613,Asau,RO,46.4333,26.4,43.72,88,100,3.94,overcast clouds
614,Canakkale,TR,40.0833,26.8333,48.52,81,62,0.16,broken clouds
615,Volgorechensk,RU,57.4393,41.1555,15.42,93,100,9.6,overcast clouds
616,Sibiti,CG,-3.6819,13.3499,68.18,96,100,0.87,overcast clouds
617,Saint Anthony,US,45.0205,-93.218,31.95,94,100,12.66,mist
618,Aswan,EG,24.0934,32.907,52.99,64,3,7.63,clear sky
619,Lagoa,PT,39.05,-27.9833,59.74,78,100,13.51,overcast clouds
620,Praia Da Vitoria,PT,38.7333,-27.0667,61.75,82,75,17.47,broken clouds
621,Nador,MA,35.174,-2.9287,61.05,77,100,5.75,overcast clouds
622,Vanimo,PG,-2.6741,141.3028,78.24,85,100,6.26,light rain
623,Moron,AR,-34.6534,-58.6198,75.0,59,4,7.27,clear sky
624,Minab,IR,27.1467,57.0801,64.72,13,0,4.61,clear sky
625,Iguguno,TZ,-4.5697,34.6275,60.71,82,44,6.85,scattered clouds
626,Balakhninskiy,RU,58.0106,114.2769,4.01,98,100,2.95,overcast clouds
627,Gamba,GA,-2.65,10.0,77.32,84,100,4.68,overcast clouds
628,Deutschlandsberg,AT,46.8153,15.2222,43.84,93,100,0.67,overcast clouds
629,Ostersund,SE,63.1792,14.6357,10.85,100,100,0.0,fog
630,Sao Gabriel Da Cachoeira,BR,-0.1303,-67.0892,71.19,98,100,2.42,overcast clouds
631,Estevan,CA,49.1334,-102.9842,5.34,78,40,5.75,scattered clouds
632,Mountain Home,US,43.133,-115.6912,27.88,93,40,3.44,scattered clouds
633,Ucluelet,CA,48.9329,-125.5528,44.1,89,100,1.01,overcast clouds
634,Bairiki,KI,1.3292,172.9752,87.8,70,40,13.8,light rain
635,Amapa,BR,1.0,-52.0,71.67,99,100,1.34,overcast clouds
636,Wanning,CN,18.8003,110.3967,68.52,84,100,12.3,overcast clouds
637,Narrabri,AU,-30.3167,149.7833,98.53,32,4,5.01,clear sky
638,Kaeo,NZ,-35.1,173.7833,69.33,97,100,18.77,light rain
639,Buarcos,PT,40.166,-8.8768,39.54,76,7,6.06,clear sky
640,Cepu,ID,-7.1475,111.5906,83.14,73,65,9.42,broken clouds
641,Shakiso,ET,5.75,38.9167,48.47,58,0,4.88,clear sky
642,Puerto Del Rosario,ES,28.5004,-13.8627,67.75,77,40,16.11,scattered clouds
643,Brawley,US,32.9787,-115.5303,64.62,45,75,6.91,broken clouds
644,Prado,BR,-17.3411,-39.2208,74.53,91,98,7.63,overcast clouds
645,Koygorodok,RU,60.445,50.9968,-4.45,99,98,3.18,overcast clouds
646,Belmonte,BR,-15.8631,-38.8828,75.33,89,75,7.81,broken clouds
647,Pacific Grove,US,36.6177,-121.9166,53.1,87,20,3.44,mist
648,Itaituba,BR,-4.2761,-55.9836,72.82,99,100,1.66,overcast clouds
649,Campos Altos,BR,-19.6961,-46.1714,63.84,98,100,3.29,overcast clouds
650,Montepuez,MZ,-13.1256,38.9997,66.63,96,55,2.24,broken clouds
651,Dourbali,TD,11.8091,15.8632,64.78,28,35,12.28,scattered clouds
652,Maniitsoq,GL,65.4167,-52.9,10.81,71,99,12.53,overcast clouds
653,Avera,US,33.194,-82.5271,65.71,91,100,10.69,heavy intensity rain
654,Nagorsk,RU,59.3172,50.8078,-11.61,100,100,2.46,overcast clouds
655,Lighthouse Point,US,26.2756,-80.0873,77.02,86,40,12.66,scattered clouds
656,Laguna,US,38.421,-121.4238,51.08,93,100,5.75,overcast clouds
657,Agirish,RU,61.9247,63.0231,-3.51,98,100,4.36,overcast clouds
658,Tres Pontas,BR,-21.3667,-45.5125,65.08,96,100,3.62,overcast clouds
659,Goias,BR,-15.5807,-49.6362,69.01,95,100,2.44,overcast clouds
660,Emborion,GR,40.4833,21.55,41.36,78,12,2.55,few clouds
661,Tilichiki,RU,60.4667,166.1,-17.14,89,5,10.58,clear sky
662,Jaru,BR,-10.4389,-62.4664,71.42,99,69,3.33,broken clouds
663,Ust-Ilimsk,RU,58.0006,102.6619,6.39,97,100,2.35,overcast clouds
664,Ghanzi,BW,-21.5667,21.7833,68.59,79,72,7.18,light rain
665,Baiyin,CN,36.5583,104.2081,27.25,35,100,0.98,overcast clouds
666,Yermakovskoye,RU,53.2831,92.4003,-1.59,91,100,3.87,overcast clouds
667,Sola,VU,-13.8833,167.55,80.87,80,100,21.92,moderate rain
668,Sibsagar,IN,26.9833,94.6333,62.67,65,0,4.43,clear sky
669,Mana,GF,5.6592,-53.7767,76.39,91,100,7.99,overcast clouds
670,Egvekinot,RU,66.3167,-179.1667,-13.16,98,100,3.31,light snow
671,Andros Town,BS,24.7,-77.7667,76.96,79,1,14.16,clear sky
672,Muros,ES,42.7762,-9.0603,56.08,87,100,9.6,overcast clouds
673,Kahului,US,20.8947,-156.47,75.22,87,75,12.66,broken clouds
674,General Elizardo Aquino,PY,-24.4333,-56.7,62.37,97,100,11.36,overcast clouds
675,Tarragona,ES,41.129,1.249,47.32,80,0,4.61,clear sky
